Movie,Dialogue
movie1,dialogue 1 for movie1
movie1,dialogue 2 for movie1
movie1,dialogue 3 for movie1
movie1,dialogue 4 for movie1
movie1,dialogue 5 for movie1
movie1,dialogue 6 for movie1
movie1,dialogue 7 for movie1
movie1,dialogue 8 for movie1
movie1,dialogue 9 for movie1
movie1,dialogue 10 for movie1
movie2,dialogue 1 for movie2
movie2,dialogue 2 for movie2
movie2,dialogue 3 for movie2
movie2,dialogue 4 for movie2
movie2,dialogue 5 for movie2
movie2,dialogue 6 for movie2
movie2,dialogue 7 for movie2
movie2,dialogue 8 for movie2
movie2,dialogue 9 for movie2
movie2,dialogue 10 for movie2
movie3,dialogue 1 for movie3
movie3,dialogue 2 for movie3
movie3,dialogue 3 for movie3
movie3,dialogue 4 for movie3
movie3,dialogue 5 for movie3
movie3,dialogue 6 for movie3
movie3,dialogue 7 for movie3
movie3,dialogue 8 for movie3
movie3,dialogue 9 for movie3
movie3,dialogue 10 for movie3
movie4,dialogue 1 for movie4
movie4,dialogue 2 for movie4
movie4,dialogue 3 for movie4
movie4,dialogue 4 for movie4
movie4,dialogue 5 for movie4
movie4,dialogue 6 for movie4
movie4,dialogue 7 for movie4
movie4,dialogue 8 for movie4
movie4,dialogue 9 for movie4
movie4,dialogue 10 for movie4
movie5,dialogue 1 for movie5
movie5,dialogue 2 for movie5
movie5,dialogue 3 for movie5
movie5,dialogue 4 for movie5
movie5,dialogue 5 for movie5
movie5,dialogue 6 for movie5
movie5,dialogue 7 for movie5
movie5,dialogue 8 for movie5
movie5,dialogue 9 for movie5
movie5,dialogue 10 for movie5
movie6,dialogue 1 for movie6
movie6,dialogue 2 for movie6
movie6,dialogue 3 for movie6
movie6,dialogue 4 for movie6
movie6,dialogue 5 for movie6
movie6,dialogue 6 for movie6
movie6,dialogue 7 for movie6
movie6,dialogue 8 for movie6
movie6,dialogue 9 for movie6
movie6,dialogue 10 for movie6
movie7,dialogue 1 for movie7
movie7,dialogue 2 for movie7
movie7,dialogue 3 for movie7
movie7,dialogue 4 for movie7
movie7,dialogue 5 for movie7
movie7,dialogue 6 for movie7
movie7,dialogue 7 for movie7
movie7,dialogue 8 for movie7
movie7,dialogue 9 for movie7
movie7,dialogue 10 for movie7
movie8,dialogue 1 for movie8
movie8,dialogue 2 for movie8
movie8,dialogue 3 for movie8
movie8,dialogue 4 for movie8
movie8,dialogue 5 for movie8
movie8,dialogue 6 for movie8
movie8,dialogue 7 for movie8
movie8,dialogue 8 for movie8
movie8,dialogue 9 for movie8
movie8,dialogue 10 for movie8
movie9,dialogue 1 for movie9
movie9,dialogue 2 for movie9
movie9,dialogue 3 for movie9
movie9,dialogue 4 for movie9
movie9,dialogue 5 for movie9
movie9,dialogue 6 for movie9
movie9,dialogue 7 for movie9
movie9,dialogue 8 for movie9
movie9,dialogue 9 for movie9
movie9,dialogue 10 for movie9
movie10,dialogue 1 for movie10
movie10,dialogue 2 for movie10
movie10,dialogue 3 for movie10
movie10,dialogue 4 for movie10
movie10,dialogue 5 for movie10
movie10,dialogue 6 for movie10
movie10,dialogue 7 for movie10
movie10,dialogue 8 for movie10
movie10,dialogue 9 for movie10
movie10,dialogue 10 for movie10
movie11,dialogue 1 for movie11
movie11,dialogue 2 for movie11
movie11,dialogue 3 for movie11
movie11,dialogue 4 for movie11
movie11,dialogue 5 for movie11
movie11,dialogue 6 for movie11
movie11,dialogue 7 for movie11
movie11,dialogue 8 for movie11
movie11,dialogue 9 for movie11
movie11,dialogue 10 for movie11